"filename", "language", "XML", "HTML", "Markdown", "Java", "JavaScript", "Less", "CSS", "SCSS", "JSON", "YAML", "comment", "blank", "total"
"c:\Users\26327\Desktop\毕业设计\通讯软件\IM-master\itstack-naive-chat-server\README.md", "Markdown", 0, 0, 39, 0, 0, 0, 0, 0, 0, 0, 0, 24, 63
"c:\Users\26327\Desktop\毕业设计\通讯软件\IM-master\itstack-naive-chat-server\itstack-naive-chat-server-agreement\pom.xml", "XML", 51, 0, 0, 0, 0, 0, 0, 0, 0, 0, 2, 5, 58
"c:\Users\26327\Desktop\毕业设计\通讯软件\IM-master\itstack-naive-chat-server\itstack-naive-chat-server-agreement\src\main\java\org\itstack\naive\chat\codec\ObjDecoder.java", "Java", 0, 0, 0, 25, 0, 0, 0, 0, 0, 0, 6, 6, 37
"c:\Users\26327\Desktop\毕业设计\通讯软件\IM-master\itstack-naive-chat-server\itstack-naive-chat-server-agreement\src\main\java\org\itstack\naive\chat\codec\ObjEncoder.java", "Java", 0, 0, 0, 15, 0, 0, 0, 0, 0, 0, 5, 5, 25
"c:\Users\26327\Desktop\毕业设计\通讯软件\IM-master\itstack-naive-chat-server\itstack-naive-chat-server-agreement\src\main\java\org\itstack\naive\chat\package-info.java", "Java", 0, 0, 0, 1, 0, 0, 0, 0, 0, 0, 6, 0, 7
"c:\Users\26327\Desktop\毕业设计\通讯软件\IM-master\itstack-naive-chat-server\itstack-naive-chat-server-agreement\src\main\java\org\itstack\naive\chat\protocol\Command.java", "Java", 0, 0, 0, 17, 0, 0, 0, 0, 0, 0, 4, 11, 32
"c:\Users\26327\Desktop\毕业设计\通讯软件\IM-master\itstack-naive-chat-server\itstack-naive-chat-server-agreement\src\main\java\org\itstack\naive\chat\protocol\Packet.java", "Java", 0, 0, 0, 40, 0, 0, 0, 0, 0, 0, 12, 9, 61
"c:\Users\26327\Desktop\毕业设计\通讯软件\IM-master\itstack-naive-chat-server\itstack-naive-chat-server-agreement\src\main\java\org\itstack\naive\chat\protocol\friend\AddFriendRequest.java", "Java", 0, 0, 0, 28, 0, 0, 0, 0, 0, 0, 7, 12, 47
"c:\Users\26327\Desktop\毕业设计\通讯软件\IM-master\itstack-naive-chat-server\itstack-naive-chat-server-agreement\src\main\java\org\itstack\naive\chat\protocol\friend\AddFriendResponse.java", "Java", 0, 0, 0, 37, 0, 0, 0, 0, 0, 0, 7, 13, 57
"c:\Users\26327\Desktop\毕业设计\通讯软件\IM-master\itstack-naive-chat-server\itstack-naive-chat-server-agreement\src\main\java\org\itstack\naive\chat\protocol\friend\SearchFriendRequest.java", "Java", 0, 0, 0, 29, 0, 0, 0, 0, 0, 0, 7, 12, 48
"c:\Users\26327\Desktop\毕业设计\通讯软件\IM-master\itstack-naive-chat-server\itstack-naive-chat-server-agreement\src\main\java\org\itstack\naive\chat\protocol\friend\SearchFriendResponse.java", "Java", 0, 0, 0, 18, 0, 0, 0, 0, 0, 0, 7, 8, 33
"c:\Users\26327\Desktop\毕业设计\通讯软件\IM-master\itstack-naive-chat-server\itstack-naive-chat-server-agreement\src\main\java\org\itstack\naive\chat\protocol\friend\dto\UserDto.java", "Java", 0, 0, 0, 38, 0, 0, 0, 0, 0, 0, 5, 13, 56
"c:\Users\26327\Desktop\毕业设计\通讯软件\IM-master\itstack-naive-chat-server\itstack-naive-chat-server-agreement\src\main\java\org\itstack\naive\chat\protocol\login\LoginRequest.java", "Java", 0, 0, 0, 27, 0, 0, 0, 0, 0, 0, 5, 11, 43
"c:\Users\26327\Desktop\毕业设计\通讯软件\IM-master\itstack-naive-chat-server\itstack-naive-chat-server-agreement\src\main\java\org\itstack\naive\chat\protocol\login\LoginResponse.java", "Java", 0, 0, 0, 67, 0, 0, 0, 0, 0, 0, 5, 27, 99
"c:\Users\26327\Desktop\毕业设计\通讯软件\IM-master\itstack-naive-chat-server\itstack-naive-chat-server-agreement\src\main\java\org\itstack\naive\chat\protocol\login\ReconnectRequest.java", "Java", 0, 0, 0, 19, 0, 0, 0, 0, 0, 0, 5, 8, 32
"c:\Users\26327\Desktop\毕业设计\通讯软件\IM-master\itstack-naive-chat-server\itstack-naive-chat-server-agreement\src\main\java\org\itstack\naive\chat\protocol\login\dto\ChatRecordDto.java", "Java", 0, 0, 0, 60, 0, 0, 0, 0, 0, 0, 5, 20, 85
"c:\Users\26327\Desktop\毕业设计\通讯软件\IM-master\itstack-naive-chat-server\itstack-naive-chat-server-agreement\src\main\java\org\itstack\naive\chat\protocol\login\dto\ChatTalkDto.java", "Java", 0, 0, 0, 54, 0, 0, 0, 0, 0, 0, 7, 19, 80
"c:\Users\26327\Desktop\毕业设计\通讯软件\IM-master\itstack-naive-chat-server\itstack-naive-chat-server-agreement\src\main\java\org\itstack\naive\chat\protocol\login\dto\GroupsDto.java", "Java", 0, 0, 0, 24, 0, 0, 0, 0, 0, 0, 5, 9, 38
"c:\Users\26327\Desktop\毕业设计\通讯软件\IM-master\itstack-naive-chat-server\itstack-naive-chat-server-agreement\src\main\java\org\itstack\naive\chat\protocol\login\dto\UserFriendDto.java", "Java", 0, 0, 0, 24, 0, 0, 0, 0, 0, 0, 5, 9, 38
"c:\Users\26327\Desktop\毕业设计\通讯软件\IM-master\itstack-naive-chat-server\itstack-naive-chat-server-agreement\src\main\java\org\itstack\naive\chat\protocol\msg\MsgGroupRequest.java", "Java", 0, 0, 0, 54, 0, 0, 0, 0, 0, 0, 7, 19, 80
"c:\Users\26327\Desktop\毕业设计\通讯软件\IM-master\itstack-naive-chat-server\itstack-naive-chat-server-agreement\src\main\java\org\itstack\naive\chat\protocol\msg\MsgGroupResponse.java", "Java", 0, 0, 0, 61, 0, 0, 0, 0, 0, 0, 5, 21, 87
"c:\Users\26327\Desktop\毕业设计\通讯软件\IM-master\itstack-naive-chat-server\itstack-naive-chat-server-agreement\src\main\java\org\itstack\naive\chat\protocol\msg\MsgRequest.java", "Java", 0, 0, 0, 54, 0, 0, 0, 0, 0, 0, 5, 19, 78
"c:\Users\26327\Desktop\毕业设计\通讯软件\IM-master\itstack-naive-chat-server\itstack-naive-chat-server-agreement\src\main\java\org\itstack\naive\chat\protocol\msg\MsgResponse.java", "Java", 0, 0, 0, 46, 0, 0, 0, 0, 0, 0, 5, 17, 68
"c:\Users\26327\Desktop\毕业设计\通讯软件\IM-master\itstack-naive-chat-server\itstack-naive-chat-server-agreement\src\main\java\org\itstack\naive\chat\protocol\talk\DelTalkRequest.java", "Java", 0, 0, 0, 29, 0, 0, 0, 0, 0, 0, 7, 11, 47
"c:\Users\26327\Desktop\毕业设计\通讯软件\IM-master\itstack-naive-chat-server\itstack-naive-chat-server-agreement\src\main\java\org\itstack\naive\chat\protocol\talk\TalkNoticeRequest.java", "Java", 0, 0, 0, 36, 0, 0, 0, 0, 0, 0, 7, 13, 56
"c:\Users\26327\Desktop\毕业设计\通讯软件\IM-master\itstack-naive-chat-server\itstack-naive-chat-server-agreement\src\main\java\org\itstack\naive\chat\protocol\talk\TalkNoticeResponse.java", "Java", 0, 0, 0, 45, 0, 0, 0, 0, 0, 0, 7, 17, 69
"c:\Users\26327\Desktop\毕业设计\通讯软件\IM-master\itstack-naive-chat-server\itstack-naive-chat-server-agreement\src\main\java\org\itstack\naive\chat\util\SerializationUtil.java", "Java", 0, 0, 0, 45, 0, 0, 0, 0, 0, 0, 17, 12, 74
"c:\Users\26327\Desktop\毕业设计\通讯软件\IM-master\itstack-naive-chat-server\itstack-naive-chat-server-ddd\pom.xml", "XML", 135, 0, 0, 0, 0, 0, 0, 0, 0, 0, 11, 6, 152
"c:\Users\26327\Desktop\毕业设计\通讯软件\IM-master\itstack-naive-chat-server\itstack-naive-chat-server-ddd\src\main\java\org\itstack\naive\chat\Application.java", "Java", 0, 0, 0, 45, 0, 0, 0, 0, 0, 0, 5, 12, 62
"c:\Users\26327\Desktop\毕业设计\通讯软件\IM-master\itstack-naive-chat-server\itstack-naive-chat-server-ddd\src\main\java\org\itstack\naive\chat\application\InetService.java", "Java", 0, 0, 0, 10, 0, 0, 0, 0, 0, 0, 7, 8, 25
"c:\Users\26327\Desktop\毕业设计\通讯软件\IM-master\itstack-naive-chat-server\itstack-naive-chat-server-ddd\src\main\java\org\itstack\naive\chat\application\UserService.java", "Java", 0, 0, 0, 19, 0, 0, 0, 0, 0, 0, 86, 19, 124
"c:\Users\26327\Desktop\毕业设计\通讯软件\IM-master\itstack-naive-chat-server\itstack-naive-chat-server-ddd\src\main\java\org\itstack\naive\chat\domain\inet\model\ChannelUserInfo.java", "Java", 0, 0, 0, 39, 0, 0, 0, 0, 0, 0, 5, 13, 57
"c:\Users\26327\Desktop\毕业设计\通讯软件\IM-master\itstack-naive-chat-server\itstack-naive-chat-server-ddd\src\main\java\org\itstack\naive\chat\domain\inet\model\ChannelUserReq.java", "Java", 0, 0, 0, 18, 0, 0, 0, 0, 0, 0, 5, 8, 31
"c:\Users\26327\Desktop\毕业设计\通讯软件\IM-master\itstack-naive-chat-server\itstack-naive-chat-server-ddd\src\main\java\org\itstack\naive\chat\domain\inet\model\InetServerInfo.java", "Java", 0, 0, 0, 24, 0, 0, 0, 0, 0, 0, 5, 9, 38
"c:\Users\26327\Desktop\毕业设计\通讯软件\IM-master\itstack-naive-chat-server\itstack-naive-chat-server-ddd\src\main\java\org\itstack\naive\chat\domain\inet\repository\IInetRepository.java", "Java", 0, 0, 0, 8, 0, 0, 0, 0, 0, 0, 5, 7, 20
"c:\Users\26327\Desktop\毕业设计\通讯软件\IM-master\itstack-naive-chat-server\itstack-naive-chat-server-ddd\src\main\java\org\itstack\naive\chat\domain\inet\service\InetServiceImpl.java", "Java", 0, 0, 0, 55, 0, 0, 0, 0, 0, 0, 5, 10, 70
"c:\Users\26327\Desktop\毕业设计\通讯软件\IM-master\itstack-naive-chat-server\itstack-naive-chat-server-ddd\src\main\java\org\itstack\naive\chat\domain\user\model\ChatRecordInfo.java", "Java", 0, 0, 0, 65, 0, 0, 0, 0, 0, 0, 5, 20, 90
"c:\Users\26327\Desktop\毕业设计\通讯软件\IM-master\itstack-naive-chat-server\itstack-naive-chat-server-ddd\src\main\java\org\itstack\naive\chat\domain\user\model\GroupsInfo.java", "Java", 0, 0, 0, 24, 0, 0, 0, 0, 0, 0, 5, 10, 39
"c:\Users\26327\Desktop\毕业设计\通讯软件\IM-master\itstack-naive-chat-server\itstack-naive-chat-server-ddd\src\main\java\org\itstack\naive\chat\domain\user\model\LuckUserInfo.java", "Java", 0, 0, 0, 44, 0, 0, 0, 0, 0, 0, 5, 14, 63
"c:\Users\26327\Desktop\毕业设计\通讯软件\IM-master\itstack-naive-chat-server\itstack-naive-chat-server-ddd\src\main\java\org\itstack\naive\chat\domain\user\model\TalkBoxInfo.java", "Java", 0, 0, 0, 49, 0, 0, 0, 0, 0, 0, 5, 18, 72
"c:\Users\26327\Desktop\毕业设计\通讯软件\IM-master\itstack-naive-chat-server\itstack-naive-chat-server-ddd\src\main\java\org\itstack\naive\chat\domain\user\model\UserFriendInfo.java", "Java", 0, 0, 0, 24, 0, 0, 0, 0, 0, 0, 5, 9, 38
"c:\Users\26327\Desktop\毕业设计\通讯软件\IM-master\itstack-naive-chat-server\itstack-naive-chat-server-ddd\src\main\java\org\itstack\naive\chat\domain\user\model\UserGroupInfo.java", "Java", 0, 0, 0, 24, 0, 0, 0, 0, 0, 0, 5, 9, 38
"c:\Users\26327\Desktop\毕业设计\通讯软件\IM-master\itstack-naive-chat-server\itstack-naive-chat-server-ddd\src\main\java\org\itstack\naive\chat\domain\user\model\UserInfo.java", "Java", 0, 0, 0, 29, 0, 0, 0, 0, 0, 0, 7, 10, 46
"c:\Users\26327\Desktop\毕业设计\通讯软件\IM-master\itstack-naive-chat-server\itstack-naive-chat-server-ddd\src\main\java\org\itstack\naive\chat\domain\user\repository\IUserRepository.java", "Java", 0, 0, 0, 19, 0, 0, 0, 0, 0, 0, 79, 21, 119
"c:\Users\26327\Desktop\毕业设计\通讯软件\IM-master\itstack-naive-chat-server\itstack-naive-chat-server-ddd\src\main\java\org\itstack\naive\chat\domain\user\service\UserServiceImpl.java", "Java", 0, 0, 0, 76, 0, 0, 0, 0, 0, 0, 7, 22, 105
"c:\Users\26327\Desktop\毕业设计\通讯软件\IM-master\itstack-naive-chat-server\itstack-naive-chat-server-ddd\src\main\java\org\itstack\naive\chat\infrastructure\common\Constants.java", "Java", 0, 0, 0, 53, 0, 0, 0, 0, 0, 0, 5, 21, 79
"c:\Users\26327\Desktop\毕业设计\通讯软件\IM-master\itstack-naive-chat-server\itstack-naive-chat-server-ddd\src\main\java\org\itstack\naive\chat\infrastructure\common\EasyResult.java", "Java", 0, 0, 0, 56, 0, 0, 0, 0, 0, 0, 5, 18, 79
"c:\Users\26327\Desktop\毕业设计\通讯软件\IM-master\itstack-naive-chat-server\itstack-naive-chat-server-ddd\src\main\java\org\itstack\naive\chat\infrastructure\common\PageReq.java", "Java", 0, 0, 0, 40, 0, 0, 0, 0, 0, 0, 5, 13, 58
"c:\Users\26327\Desktop\毕业设计\通讯软件\IM-master\itstack-naive-chat-server\itstack-naive-chat-server-ddd\src\main\java\org\itstack\naive\chat\infrastructure\common\SocketChannelUtil.java", "Java", 0, 0, 0, 49, 0, 0, 0, 0, 0, 0, 19, 14, 82
"c:\Users\26327\Desktop\毕业设计\通讯软件\IM-master\itstack-naive-chat-server\itstack-naive-chat-server-ddd\src\main\java\org\itstack\naive\chat\infrastructure\dao\IChatRecordDao.java", "Java", 0, 0, 0, 10, 0, 0, 0, 0, 0, 0, 5, 8, 23
"c:\Users\26327\Desktop\毕业设计\通讯软件\IM-master\itstack-naive-chat-server\itstack-naive-chat-server-ddd\src\main\java\org\itstack\naive\chat\infrastructure\dao\IGroupsDao.java", "Java", 0, 0, 0, 8, 0, 0, 0, 0, 0, 0, 5, 6, 19
"c:\Users\26327\Desktop\毕业设计\通讯软件\IM-master\itstack-naive-chat-server\itstack-naive-chat-server-ddd\src\main\java\org\itstack\naive\chat\infrastructure\dao\IGroupsMemberDao.java", "Java", 0, 0, 0, 5, 0, 0, 0, 0, 0, 0, 5, 3, 13
"c:\Users\26327\Desktop\毕业设计\通讯软件\IM-master\itstack-naive-chat-server\itstack-naive-chat-server-ddd\src\main\java\org\itstack\naive\chat\infrastructure\dao\ITalkBoxDao.java", "Java", 0, 0, 0, 12, 0, 0, 0, 0, 0, 0, 5, 10, 27
"c:\Users\26327\Desktop\毕业设计\通讯软件\IM-master\itstack-naive-chat-server\itstack-naive-chat-server-ddd\src\main\java\org\itstack\naive\chat\infrastructure\dao\IUserDao.java", "Java", 0, 0, 0, 13, 0, 0, 0, 0, 0, 0, 5, 10, 28
"c:\Users\26327\Desktop\毕业设计\通讯软件\IM-master\itstack-naive-chat-server\itstack-naive-chat-server-ddd\src\main\java\org\itstack\naive\chat\infrastructure\dao\IUserFriendDao.java", "Java", 0, 0, 0, 10, 0, 0, 0, 0, 0, 0, 5, 8, 23
"c:\Users\26327\Desktop\毕业设计\通讯软件\IM-master\itstack-naive-chat-server\itstack-naive-chat-server-ddd\src\main\java\org\itstack\naive\chat\infrastructure\dao\IUserGroupDao.java", "Java", 0, 0, 0, 7, 0, 0, 0, 0, 0, 0, 5, 6, 18
"c:\Users\26327\Desktop\毕业设计\通讯软件\IM-master\itstack-naive-chat-server\itstack-naive-chat-server-ddd\src\main\java\org\itstack\naive\chat\infrastructure\po\ChatRecord.java", "Java", 0, 0, 0, 67, 0, 0, 0, 0, 0, 0, 7, 22, 96
"c:\Users\26327\Desktop\毕业设计\通讯软件\IM-master\itstack-naive-chat-server\itstack-naive-chat-server-ddd\src\main\java\org\itstack\naive\chat\infrastructure\po\Groups.java", "Java", 0, 0, 0, 46, 0, 0, 0, 0, 0, 0, 7, 16, 69
"c:\Users\26327\Desktop\毕业设计\通讯软件\IM-master\itstack-naive-chat-server\itstack-naive-chat-server-ddd\src\main\java\org\itstack\naive\chat\infrastructure\po\TalkBox.java", "Java", 0, 0, 0, 46, 0, 0, 0, 0, 0, 0, 5, 16, 67
"c:\Users\26327\Desktop\毕业设计\通讯软件\IM-master\itstack-naive-chat-server\itstack-naive-chat-server-ddd\src\main\java\org\itstack\naive\chat\infrastructure\po\User.java", "Java", 0, 0, 0, 53, 0, 0, 0, 0, 0, 0, 7, 18, 78
"c:\Users\26327\Desktop\毕业设计\通讯软件\IM-master\itstack-naive-chat-server\itstack-naive-chat-server-ddd\src\main\java\org\itstack\naive\chat\infrastructure\po\UserFriend.java", "Java", 0, 0, 0, 45, 0, 0, 0, 0, 0, 0, 7, 16, 68
"c:\Users\26327\Desktop\毕业设计\通讯软件\IM-master\itstack-naive-chat-server\itstack-naive-chat-server-ddd\src\main\java\org\itstack\naive\chat\infrastructure\po\UserGroup.java", "Java", 0, 0, 0, 39, 0, 0, 0, 0, 0, 0, 7, 14, 60
"c:\Users\26327\Desktop\毕业设计\通讯软件\IM-master\itstack-naive-chat-server\itstack-naive-chat-server-ddd\src\main\java\org\itstack\naive\chat\infrastructure\repository\InetRepository.java", "Java", 0, 0, 0, 32, 0, 0, 0, 0, 0, 0, 5, 7, 44
"c:\Users\26327\Desktop\毕业设计\通讯软件\IM-master\itstack-naive-chat-server\itstack-naive-chat-server-ddd\src\main\java\org\itstack\naive\chat\infrastructure\repository\UserRepository.java", "Java", 0, 0, 0, 166, 0, 0, 0, 0, 0, 0, 5, 20, 191
"c:\Users\26327\Desktop\毕业设计\通讯软件\IM-master\itstack-naive-chat-server\itstack-naive-chat-server-ddd\src\main\java\org\itstack\naive\chat\interfaces\InetController.java", "Java", 0, 0, 0, 49, 0, 0, 0, 0, 0, 0, 5, 9, 63
"c:\Users\26327\Desktop\毕业设计\通讯软件\IM-master\itstack-naive-chat-server\itstack-naive-chat-server-ddd\src\main\java\org\itstack\naive\chat\socket\MyBizHandler.java", "Java", 0, 0, 0, 39, 0, 0, 0, 0, 0, 0, 5, 13, 57
"c:\Users\26327\Desktop\毕业设计\通讯软件\IM-master\itstack-naive-chat-server\itstack-naive-chat-server-ddd\src\main\java\org\itstack\naive\chat\socket\MyChannelInitializer.java", "Java", 0, 0, 0, 26, 0, 0, 0, 0, 0, 0, 8, 7, 41
"c:\Users\26327\Desktop\毕业设计\通讯软件\IM-master\itstack-naive-chat-server\itstack-naive-chat-server-ddd\src\main\java\org\itstack\naive\chat\socket\NettyServer.java", "Java", 0, 0, 0, 58, 0, 0, 0, 0, 0, 0, 5, 13, 76
"c:\Users\26327\Desktop\毕业设计\通讯软件\IM-master\itstack-naive-chat-server\itstack-naive-chat-server-ddd\src\main\java\org\itstack\naive\chat\socket\handler\AddFriendHandler.java", "Java", 0, 0, 0, 29, 0, 0, 0, 0, 0, 0, 8, 7, 44
"c:\Users\26327\Desktop\毕业设计\通讯软件\IM-master\itstack-naive-chat-server\itstack-naive-chat-server-ddd\src\main\java\org\itstack\naive\chat\socket\handler\DelTalkHandler.java", "Java", 0, 0, 0, 14, 0, 0, 0, 0, 0, 0, 5, 5, 24
"c:\Users\26327\Desktop\毕业设计\通讯软件\IM-master\itstack-naive-chat-server\itstack-naive-chat-server-ddd\src\main\java\org\itstack\naive\chat\socket\handler\LoginHandler.java", "Java", 0, 0, 0, 110, 0, 0, 0, 0, 0, 0, 23, 14, 147
"c:\Users\26327\Desktop\毕业设计\通讯软件\IM-master\itstack-naive-chat-server\itstack-naive-chat-server-ddd\src\main\java\org\itstack\naive\chat\socket\handler\MsgGroupHandler.java", "Java", 0, 0, 0, 35, 0, 0, 0, 0, 0, 0, 10, 6, 51
"c:\Users\26327\Desktop\毕业设计\通讯软件\IM-master\itstack-naive-chat-server\itstack-naive-chat-server-ddd\src\main\java\org\itstack\naive\chat\socket\handler\MsgHandler.java", "Java", 0, 0, 0, 27, 0, 0, 0, 0, 0, 0, 11, 7, 45
"c:\Users\26327\Desktop\毕业设计\通讯软件\IM-master\itstack-naive-chat-server\itstack-naive-chat-server-ddd\src\main\java\org\itstack\naive\chat\socket\handler\ReconnectHandler.java", "Java", 0, 0, 0, 23, 0, 0, 0, 0, 0, 0, 9, 7, 39
"c:\Users\26327\Desktop\毕业设计\通讯软件\IM-master\itstack-naive-chat-server\itstack-naive-chat-server-ddd\src\main\java\org\itstack\naive\chat\socket\handler\SearchFriendHandler.java", "Java", 0, 0, 0, 33, 0, 0, 0, 0, 0, 0, 5, 7, 45
"c:\Users\26327\Desktop\毕业设计\通讯软件\IM-master\itstack-naive-chat-server\itstack-naive-chat-server-ddd\src\main\java\org\itstack\naive\chat\socket\handler\TalkNoticeHandler.java", "Java", 0, 0, 0, 48, 0, 0, 0, 0, 0, 0, 11, 9, 68
"c:\Users\26327\Desktop\毕业设计\通讯软件\IM-master\itstack-naive-chat-server\itstack-naive-chat-server-ddd\src\main\resources\application.yml", "YAML", 0, 0, 0, 0, 0, 0, 0, 0, 0, 18, 2, 6, 26
"c:\Users\26327\Desktop\毕业设计\通讯软件\IM-master\itstack-naive-chat-server\itstack-naive-chat-server-ddd\src\main\resources\mybatis\config\mybatis-config.xml", "XML", 14, 0, 0, 0, 0, 0, 0, 0, 0, 0, 0, 0, 14
"c:\Users\26327\Desktop\毕业设计\通讯软件\IM-master\itstack-naive-chat-server\itstack-naive-chat-server-ddd\src\main\resources\mybatis\mapper\ChatRecord_Mapper.xml", "XML", 24, 0, 0, 0, 0, 0, 0, 0, 0, 0, 0, 5, 29
"c:\Users\26327\Desktop\毕业设计\通讯软件\IM-master\itstack-naive-chat-server\itstack-naive-chat-server-ddd\src\main\resources\mybatis\mapper\Groups_Mapper.xml", "XML", 7, 0, 0, 0, 0, 0, 0, 0, 0, 0, 0, 3, 10
"c:\Users\26327\Desktop\毕业设计\通讯软件\IM-master\itstack-naive-chat-server\itstack-naive-chat-server-ddd\src\main\resources\mybatis\mapper\TalkBox_Mapper.xml", "XML", 22, 0, 0, 0, 0, 0, 0, 0, 0, 0, 0, 7, 29
"c:\Users\26327\Desktop\毕业设计\通讯软件\IM-master\itstack-naive-chat-server\itstack-naive-chat-server-ddd\src\main\resources\mybatis\mapper\UserFriend_Mapper.xml", "XML", 23, 0, 0, 0, 0, 0, 0, 0, 0, 0, 0, 5, 28
"c:\Users\26327\Desktop\毕业设计\通讯软件\IM-master\itstack-naive-chat-server\itstack-naive-chat-server-ddd\src\main\resources\mybatis\mapper\UserGroup_Mapper.xml", "XML", 7, 0, 0, 0, 0, 0, 0, 0, 0, 0, 0, 3, 10
"c:\Users\26327\Desktop\毕业设计\通讯软件\IM-master\itstack-naive-chat-server\itstack-naive-chat-server-ddd\src\main\resources\mybatis\mapper\User_Mapper.xml", "XML", 42, 0, 0, 0, 0, 0, 0, 0, 0, 0, 0, 7, 49
"c:\Users\26327\Desktop\毕业设计\通讯软件\IM-master\itstack-naive-chat-server\itstack-naive-chat-server-ddd\src\main\resources\spring-config.xml", "XML", 7, 0, 0, 0, 0, 0, 0, 0, 0, 0, 1, 2, 10
"c:\Users\26327\Desktop\毕业设计\通讯软件\IM-master\itstack-naive-chat-server\itstack-naive-chat-server-ddd\src\main\resources\spring\spring-config-service.xml", "XML", 14, 0, 0, 0, 0, 0, 0, 0, 0, 0, 9, 2, 25
"c:\Users\26327\Desktop\毕业设计\通讯软件\IM-master\itstack-naive-chat-server\itstack-naive-chat-server-ddd\src\main\webapp\chat\server\js\server.js", "JavaScript", 0, 0, 0, 0, 66, 0, 0, 0, 0, 0, 4, 13, 83
"c:\Users\26327\Desktop\毕业设计\通讯软件\IM-master\itstack-naive-chat-server\itstack-naive-chat-server-ddd\src\main\webapp\chat\server\server.html", "HTML", 0, 37, 0, 0, 0, 0, 0, 0, 0, 0, 0, 2, 39
"c:\Users\26327\Desktop\毕业设计\通讯软件\IM-master\itstack-naive-chat-server\itstack-naive-chat-server-ddd\src\main\webapp\chat\user\css\user.css", "CSS", 0, 0, 0, 0, 0, 0, 4, 0, 0, 0, 0, 0, 4
"c:\Users\26327\Desktop\毕业设计\通讯软件\IM-master\itstack-naive-chat-server\itstack-naive-chat-server-ddd\src\main\webapp\chat\user\js\user.js", "JavaScript", 0, 0, 0, 0, 37, 0, 0, 0, 0, 0, 3, 4, 44
"c:\Users\26327\Desktop\毕业设计\通讯软件\IM-master\itstack-naive-chat-server\itstack-naive-chat-server-ddd\src\main\webapp\chat\user\user.html", "HTML", 0, 51, 0, 0, 0, 0, 0, 0, 0, 0, 0, 4, 55
"c:\Users\26327\Desktop\毕业设计\通讯软件\IM-master\itstack-naive-chat-server\itstack-naive-chat-server-ddd\src\main\webapp\index.html", "HTML", 0, 98, 0, 0, 0, 0, 0, 0, 0, 0, 4, 10, 112
"c:\Users\26327\Desktop\毕业设计\通讯软件\IM-master\itstack-naive-chat-server\itstack-naive-chat-server-ddd\src\main\webapp\res\api\clear.json", "JSON", 0, 0, 0, 0, 0, 0, 0, 0, 4, 0, 0, 0, 4
"c:\Users\26327\Desktop\毕业设计\通讯软件\IM-master\itstack-naive-chat-server\itstack-naive-chat-server-ddd\src\main\webapp\res\api\init.json", "JSON", 0, 0, 0, 0, 0, 0, 0, 0, 43, 0, 0, 0, 43
"c:\Users\26327\Desktop\毕业设计\通讯软件\IM-master\itstack-naive-chat-server\itstack-naive-chat-server-ddd\src\main\webapp\res\api\menus.json", "JSON", 0, 0, 0, 0, 0, 0, 0, 0, 254, 0, 0, 0, 254
"c:\Users\26327\Desktop\毕业设计\通讯软件\IM-master\itstack-naive-chat-server\itstack-naive-chat-server-ddd\src\main\webapp\res\api\table.json", "JSON", 0, 0, 0, 0, 0, 0, 0, 0, 127, 0, 0, 0, 127
"c:\Users\26327\Desktop\毕业设计\通讯软件\IM-master\itstack-naive-chat-server\itstack-naive-chat-server-ddd\src\main\webapp\res\api\tableSelect.json", "JSON", 0, 0, 0, 0, 0, 0, 0, 0, 23, 0, 0, 0, 23
"c:\Users\26327\Desktop\毕业设计\通讯软件\IM-master\itstack-naive-chat-server\itstack-naive-chat-server-ddd\src\main\webapp\res\api\upload.json", "JSON", 0, 0, 0, 0, 0, 0, 0, 0, 10, 0, 0, 1, 11
"c:\Users\26327\Desktop\毕业设计\通讯软件\IM-master\itstack-naive-chat-server\itstack-naive-chat-server-ddd\src\main\webapp\res\css\layuimini.css", "CSS", 0, 0, 0, 0, 0, 0, 98, 0, 0, 0, 25, 15, 138
"c:\Users\26327\Desktop\毕业设计\通讯软件\IM-master\itstack-naive-chat-server\itstack-naive-chat-server-ddd\src\main\webapp\res\css\official-evaluation\index.css", "CSS", 0, 0, 0, 0, 0, 0, 45, 0, 0, 0, 2, 9, 56
"c:\Users\26327\Desktop\毕业设计\通讯软件\IM-master\itstack-naive-chat-server\itstack-naive-chat-server-ddd\src\main\webapp\res\css\public.css", "CSS", 0, 0, 0, 0, 0, 0, 7, 0, 0, 0, 1, 2, 10
"c:\Users\26327\Desktop\毕业设计\通讯软件\IM-master\itstack-naive-chat-server\itstack-naive-chat-server-ddd\src\main\webapp\res\js\lay-config.js", "JavaScript", 0, 0, 0, 0, 17, 0, 0, 0, 0, 0, 5, 2, 24
"c:\Users\26327\Desktop\毕业设计\通讯软件\IM-master\itstack-naive-chat-server\itstack-naive-chat-server-ddd\src\main\webapp\res\js\lay-module\echarts\echarts.js", "JavaScript", 0, 0, 0, 0, 18, 0, 0, 0, 0, 0, 0, 1, 19
"c:\Users\26327\Desktop\毕业设计\通讯软件\IM-master\itstack-naive-chat-server\itstack-naive-chat-server-ddd\src\main\webapp\res\js\lay-module\echarts\echartsTheme.js", "JavaScript", 0, 0, 0, 0, 492, 0, 0, 0, 0, 0, 0, 0, 492
"c:\Users\26327\Desktop\毕业设计\通讯软件\IM-master\itstack-naive-chat-server\itstack-naive-chat-server-ddd\src\main\webapp\res\js\lay-module\iconPicker\iconPickerFa.js", "JavaScript", 0, 0, 0, 0, 276, 0, 0, 0, 0, 0, 77, 46, 399
"c:\Users\26327\Desktop\毕业设计\通讯软件\IM-master\itstack-naive-chat-server\itstack-naive-chat-server-ddd\src\main\webapp\res\js\lay-module\layuimini\layuimini.js", "JavaScript", 0, 0, 0, 0, 722, 0, 0, 0, 0, 0, 143, 61, 926
"c:\Users\26327\Desktop\毕业设计\通讯软件\IM-master\itstack-naive-chat-server\itstack-naive-chat-server-ddd\src\main\webapp\res\js\lay-module\step-lay\step.css", "CSS", 0, 0, 0, 0, 0, 0, 68, 0, 0, 0, 0, 11, 79
"c:\Users\26327\Desktop\毕业设计\通讯软件\IM-master\itstack-naive-chat-server\itstack-naive-chat-server-ddd\src\main\webapp\res\js\lay-module\step-lay\step.js", "JavaScript", 0, 0, 0, 0, 75, 0, 0, 0, 0, 0, 13, 14, 102
"c:\Users\26327\Desktop\毕业设计\通讯软件\IM-master\itstack-naive-chat-server\itstack-naive-chat-server-ddd\src\main\webapp\res\js\lay-module\tableSelect\tableSelect.js", "JavaScript", 0, 0, 0, 0, 219, 0, 0, 0, 0, 0, 26, 27, 272
"c:\Users\26327\Desktop\毕业设计\通讯软件\IM-master\itstack-naive-chat-server\itstack-naive-chat-server-ddd\src\main\webapp\res\js\lay-module\treetable-lay\treetable.css", "CSS", 0, 0, 0, 0, 0, 0, 14, 0, 0, 0, 0, 5, 19
"c:\Users\26327\Desktop\毕业设计\通讯软件\IM-master\itstack-naive-chat-server\itstack-naive-chat-server-ddd\src\main\webapp\res\js\lay-module\treetable-lay\treetable.js", "JavaScript", 0, 0, 0, 0, 179, 0, 0, 0, 0, 0, 18, 10, 207
"c:\Users\26327\Desktop\毕业设计\通讯软件\IM-master\itstack-naive-chat-server\itstack-naive-chat-server-ddd\src\main\webapp\res\js\lay-module\wangEditor\wangEditor.css", "CSS", 0, 0, 0, 0, 0, 0, 398, 0, 0, 0, 8, 6, 412
"c:\Users\26327\Desktop\毕业设计\通讯软件\IM-master\itstack-naive-chat-server\itstack-naive-chat-server-ddd\src\main\webapp\res\js\lay-module\wangEditor\wangEditor.js", "JavaScript", 0, 0, 0, 0, 3110, 0, 0, 0, 0, 0, 909, 660, 4679
"c:\Users\26327\Desktop\毕业设计\通讯软件\IM-master\itstack-naive-chat-server\itstack-naive-chat-server-ddd\src\main\webapp\res\js\lay-module\wangEditor\wangEditor.min.css", "CSS", 0, 0, 0, 0, 0, 0, 1, 0, 0, 0, 0, 0, 1
"c:\Users\26327\Desktop\毕业设计\通讯软件\IM-master\itstack-naive-chat-server\itstack-naive-chat-server-ddd\src\main\webapp\res\js\lay-module\wangEditor\wangEditor.min.js", "JavaScript", 0, 0, 0, 0, 3, 0, 0, 0, 0, 0, 1, 1, 5
"c:\Users\26327\Desktop\毕业设计\通讯软件\IM-master\itstack-naive-chat-server\itstack-naive-chat-server-ddd\src\main\webapp\res\js\lay-module\xmSelect\xmSelect.js", "JavaScript", 0, 0, 0, 0, 1, 0, 0, 0, 0, 0, 7, 0, 8
"c:\Users\26327\Desktop\毕业设计\通讯软件\IM-master\itstack-naive-chat-server\itstack-naive-chat-server-ddd\src\main\webapp\res\js\official-evaluation\components\image-list.js", "JavaScript", 0, 0, 0, 0, 80, 0, 0, 0, 0, 0, 13, 11, 104
"c:\Users\26327\Desktop\毕业设计\通讯软件\IM-master\itstack-naive-chat-server\itstack-naive-chat-server-ddd\src\main\webapp\res\js\official-evaluation\config.js", "JavaScript", 0, 0, 0, 0, 4, 0, 0, 0, 0, 0, 0, 0, 4
"c:\Users\26327\Desktop\毕业设计\通讯软件\IM-master\itstack-naive-chat-server\itstack-naive-chat-server-ddd\src\main\webapp\res\js\official-evaluation\filter.js", "JavaScript", 0, 0, 0, 0, 23, 0, 0, 0, 0, 0, 0, 4, 27
"c:\Users\26327\Desktop\毕业设计\通讯软件\IM-master\itstack-naive-chat-server\itstack-naive-chat-server-ddd\src\main\webapp\res\js\official-evaluation\index.js", "JavaScript", 0, 0, 0, 0, 171, 0, 0, 0, 0, 0, 18, 21, 210
"c:\Users\26327\Desktop\毕业设计\通讯软件\IM-master\itstack-naive-chat-server\itstack-naive-chat-server-ddd\src\main\webapp\res\js\official-evaluation\utils.js", "JavaScript", 0, 0, 0, 0, 44, 0, 0, 0, 0, 0, 9, 4, 57
"c:\Users\26327\Desktop\毕业设计\通讯软件\IM-master\itstack-naive-chat-server\itstack-naive-chat-server-ddd\src\main\webapp\res\lib\axios\index.js", "JavaScript", 0, 0, 0, 0, 2, 0, 0, 0, 0, 0, 6, 1, 9
"c:\Users\26327\Desktop\毕业设计\通讯软件\IM-master\itstack-naive-chat-server\itstack-naive-chat-server-ddd\src\main\webapp\res\lib\font-awesome-4.7.0\css\font-awesome.css", "CSS", 0, 0, 0, 0, 0, 0, 2327, 0, 0, 0, 10, 1, 2338
"c:\Users\26327\Desktop\毕业设计\通讯软件\IM-master\itstack-naive-chat-server\itstack-naive-chat-server-ddd\src\main\webapp\res\lib\font-awesome-4.7.0\css\font-awesome.min.css", "CSS", 0, 0, 0, 0, 0, 0, 1, 0, 0, 0, 3, 1, 5
"c:\Users\26327\Desktop\毕业设计\通讯软件\IM-master\itstack-naive-chat-server\itstack-naive-chat-server-ddd\src\main\webapp\res\lib\font-awesome-4.7.0\fonts\fontawesome-webfont.svg", "XML", 2671, 0, 0, 0, 0, 0, 0, 0, 0, 0, 0, 1, 2672
"c:\Users\26327\Desktop\毕业设计\通讯软件\IM-master\itstack-naive-chat-server\itstack-naive-chat-server-ddd\src\main\webapp\res\lib\font-awesome-4.7.0\less\animated.less", "Less", 0, 0, 0, 0, 0, 28, 0, 0, 0, 0, 2, 5, 35
"c:\Users\26327\Desktop\毕业设计\通讯软件\IM-master\itstack-naive-chat-server\itstack-naive-chat-server-ddd\src\main\webapp\res\lib\font-awesome-4.7.0\less\bordered-pulled.less", "Less", 0, 0, 0, 0, 0, 17, 0, 0, 0, 0, 3, 6, 26
"c:\Users\26327\Desktop\毕业设计\通讯软件\IM-master\itstack-naive-chat-server\itstack-naive-chat-server-ddd\src\main\webapp\res\lib\font-awesome-4.7.0\less\core.less", "Less", 0, 0, 0, 0, 0, 8, 0, 0, 0, 0, 2, 3, 13
"c:\Users\26327\Desktop\毕业设计\通讯软件\IM-master\itstack-naive-chat-server\itstack-naive-chat-server-ddd\src\main\webapp\res\lib\font-awesome-4.7.0\less\fixed-width.less", "Less", 0, 0, 0, 0, 0, 4, 0, 0, 0, 0, 2, 1, 7
"c:\Users\26327\Desktop\毕业设计\通讯软件\IM-master\itstack-naive-chat-server\itstack-naive-chat-server-ddd\src\main\webapp\res\lib\font-awesome-4.7.0\less\font-awesome.less", "Less", 0, 0, 0, 0, 0, 13, 0, 0, 0, 0, 4, 2, 19
"c:\Users\26327\Desktop\毕业设计\通讯软件\IM-master\itstack-naive-chat-server\itstack-naive-chat-server-ddd\src\main\webapp\res\lib\font-awesome-4.7.0\less\icons.less", "Less", 0, 0, 0, 0, 0, 786, 0, 0, 0, 0, 2, 2, 790
"c:\Users\26327\Desktop\毕业设计\通讯软件\IM-master\itstack-naive-chat-server\itstack-naive-chat-server-ddd\src\main\webapp\res\lib\font-awesome-4.7.0\less\larger.less", "Less", 0, 0, 0, 0, 0, 9, 0, 0, 0, 0, 3, 2, 14
"c:\Users\26327\Desktop\毕业设计\通讯软件\IM-master\itstack-naive-chat-server\itstack-naive-chat-server-ddd\src\main\webapp\res\lib\font-awesome-4.7.0\less\list.less", "Less", 0, 0, 0, 0, 0, 16, 0, 0, 0, 0, 2, 2, 20
"c:\Users\26327\Desktop\毕业设计\通讯软件\IM-master\itstack-naive-chat-server\itstack-naive-chat-server-ddd\src\main\webapp\res\lib\font-awesome-4.7.0\less\mixins.less", "Less", 0, 0, 0, 0, 0, 41, 0, 0, 0, 0, 10, 10, 61
"c:\Users\26327\Desktop\毕业设计\通讯软件\IM-master\itstack-naive-chat-server\itstack-naive-chat-server-ddd\src\main\webapp\res\lib\font-awesome-4.7.0\less\path.less", "Less", 0, 0, 0, 0, 0, 11, 0, 0, 0, 0, 3, 2, 16
"c:\Users\26327\Desktop\毕业设计\通讯软件\IM-master\itstack-naive-chat-server\itstack-naive-chat-server-ddd\src\main\webapp\res\lib\font-awesome-4.7.0\less\rotated-flipped.less", "Less", 0, 0, 0, 0, 0, 12, 0, 0, 0, 0, 4, 5, 21
"c:\Users\26327\Desktop\毕业设计\通讯软件\IM-master\itstack-naive-chat-server\itstack-naive-chat-server-ddd\src\main\webapp\res\lib\font-awesome-4.7.0\less\screen-reader.less", "Less", 0, 0, 0, 0, 0, 2, 0, 0, 0, 0, 2, 2, 6
"c:\Users\26327\Desktop\毕业设计\通讯软件\IM-master\itstack-naive-chat-server\itstack-naive-chat-server-ddd\src\main\webapp\res\lib\font-awesome-4.7.0\less\stacked.less", "Less", 0, 0, 0, 0, 0, 17, 0, 0, 0, 0, 2, 2, 21
"c:\Users\26327\Desktop\毕业设计\通讯软件\IM-master\itstack-naive-chat-server\itstack-naive-chat-server-ddd\src\main\webapp\res\lib\font-awesome-4.7.0\less\variables.less", "Less", 0, 0, 0, 0, 0, 794, 0, 0, 0, 0, 3, 4, 801
"c:\Users\26327\Desktop\毕业设计\通讯软件\IM-master\itstack-naive-chat-server\itstack-naive-chat-server-ddd\src\main\webapp\res\lib\font-awesome-4.7.0\scss\_animated.scss", "SCSS", 0, 0, 0, 0, 0, 0, 0, 28, 0, 0, 2, 5, 35
"c:\Users\26327\Desktop\毕业设计\通讯软件\IM-master\itstack-naive-chat-server\itstack-naive-chat-server-ddd\src\main\webapp\res\lib\font-awesome-4.7.0\scss\_bordered-pulled.scss", "SCSS", 0, 0, 0, 0, 0, 0, 0, 17, 0, 0, 3, 6, 26
"c:\Users\26327\Desktop\毕业设计\通讯软件\IM-master\itstack-naive-chat-server\itstack-naive-chat-server-ddd\src\main\webapp\res\lib\font-awesome-4.7.0\scss\_core.scss", "SCSS", 0, 0, 0, 0, 0, 0, 0, 8, 0, 0, 2, 3, 13
"c:\Users\26327\Desktop\毕业设计\通讯软件\IM-master\itstack-naive-chat-server\itstack-naive-chat-server-ddd\src\main\webapp\res\lib\font-awesome-4.7.0\scss\_fixed-width.scss", "SCSS", 0, 0, 0, 0, 0, 0, 0, 4, 0, 0, 2, 1, 7
"c:\Users\26327\Desktop\毕业设计\通讯软件\IM-master\itstack-naive-chat-server\itstack-naive-chat-server-ddd\src\main\webapp\res\lib\font-awesome-4.7.0\scss\_icons.scss", "SCSS", 0, 0, 0, 0, 0, 0, 0, 786, 0, 0, 2, 2, 790
"c:\Users\26327\Desktop\毕业设计\通讯软件\IM-master\itstack-naive-chat-server\itstack-naive-chat-server-ddd\src\main\webapp\res\lib\font-awesome-4.7.0\scss\_larger.scss", "SCSS", 0, 0, 0, 0, 0, 0, 0, 9, 0, 0, 3, 2, 14
"c:\Users\26327\Desktop\毕业设计\通讯软件\IM-master\itstack-naive-chat-server\itstack-naive-chat-server-ddd\src\main\webapp\res\lib\font-awesome-4.7.0\scss\_list.scss", "SCSS", 0, 0, 0, 0, 0, 0, 0, 16, 0, 0, 2, 2, 20
"c:\Users\26327\Desktop\毕业设计\通讯软件\IM-master\itstack-naive-chat-server\itstack-naive-chat-server-ddd\src\main\webapp\res\lib\font-awesome-4.7.0\scss\_mixins.scss", "SCSS", 0, 0, 0, 0, 0, 0, 0, 41, 0, 0, 10, 10, 61
"c:\Users\26327\Desktop\毕业设计\通讯软件\IM-master\itstack-naive-chat-server\itstack-naive-chat-server-ddd\src\main\webapp\res\lib\font-awesome-4.7.0\scss\_path.scss", "SCSS", 0, 0, 0, 0, 0, 0, 0, 11, 0, 0, 3, 2, 16
"c:\Users\26327\Desktop\毕业设计\通讯软件\IM-master\itstack-naive-chat-server\itstack-naive-chat-server-ddd\src\main\webapp\res\lib\font-awesome-4.7.0\scss\_rotated-flipped.scss", "SCSS", 0, 0, 0, 0, 0, 0, 0, 12, 0, 0, 4, 5, 21
"c:\Users\26327\Desktop\毕业设计\通讯软件\IM-master\itstack-naive-chat-server\itstack-naive-chat-server-ddd\src\main\webapp\res\lib\font-awesome-4.7.0\scss\_screen-reader.scss", "SCSS", 0, 0, 0, 0, 0, 0, 0, 2, 0, 0, 2, 2, 6
"c:\Users\26327\Desktop\毕业设计\通讯软件\IM-master\itstack-naive-chat-server\itstack-naive-chat-server-ddd\src\main\webapp\res\lib\font-awesome-4.7.0\scss\_stacked.scss", "SCSS", 0, 0, 0, 0, 0, 0, 0, 17, 0, 0, 2, 2, 21
"c:\Users\26327\Desktop\毕业设计\通讯软件\IM-master\itstack-naive-chat-server\itstack-naive-chat-server-ddd\src\main\webapp\res\lib\font-awesome-4.7.0\scss\_variables.scss", "SCSS", 0, 0, 0, 0, 0, 0, 0, 794, 0, 0, 3, 4, 801
"c:\Users\26327\Desktop\毕业设计\通讯软件\IM-master\itstack-naive-chat-server\itstack-naive-chat-server-ddd\src\main\webapp\res\lib\font-awesome-4.7.0\scss\font-awesome.scss", "SCSS", 0, 0, 0, 0, 0, 0, 0, 13, 0, 0, 4, 2, 19
"c:\Users\26327\Desktop\毕业设计\通讯软件\IM-master\itstack-naive-chat-server\itstack-naive-chat-server-ddd\src\main\webapp\res\lib\jq-module\jquery.particleground.min.js", "JavaScript", 0, 0, 0, 0, 146, 0, 0, 0, 0, 0, 38, 11, 195
"c:\Users\26327\Desktop\毕业设计\通讯软件\IM-master\itstack-naive-chat-server\itstack-naive-chat-server-ddd\src\main\webapp\res\lib\jq-module\paigusu.min.js", "JavaScript", 0, 0, 0, 0, 1, 0, 0, 0, 0, 0, 0, 0, 1
"c:\Users\26327\Desktop\毕业设计\通讯软件\IM-master\itstack-naive-chat-server\itstack-naive-chat-server-ddd\src\main\webapp\res\lib\jq-module\zyupload\zyupload-1.0.0.min.css", "CSS", 0, 0, 0, 0, 0, 0, 2, 0, 0, 0, 0, 0, 2
"c:\Users\26327\Desktop\毕业设计\通讯软件\IM-master\itstack-naive-chat-server\itstack-naive-chat-server-ddd\src\main\webapp\res\lib\jq-module\zyupload\zyupload-1.0.0.min.js", "JavaScript", 0, 0, 0, 0, 17, 0, 0, 0, 0, 0, 0, 1, 18
"c:\Users\26327\Desktop\毕业设计\通讯软件\IM-master\itstack-naive-chat-server\itstack-naive-chat-server-ddd\src\main\webapp\res\lib\jquery-3.4.1\jquery-3.4.1.min.js", "JavaScript", 0, 0, 0, 0, 1, 0, 0, 0, 0, 0, 1, 1, 3
"c:\Users\26327\Desktop\毕业设计\通讯软件\IM-master\itstack-naive-chat-server\itstack-naive-chat-server-ddd\src\main\webapp\res\lib\layui-v2.5.4\css\layui.css", "CSS", 0, 0, 0, 0, 0, 0, 1, 0, 0, 0, 1, 0, 2
"c:\Users\26327\Desktop\毕业设计\通讯软件\IM-master\itstack-naive-chat-server\itstack-naive-chat-server-ddd\src\main\webapp\res\lib\layui-v2.5.4\css\layui.mobile.css", "CSS", 0, 0, 0, 0, 0, 0, 1, 0, 0, 0, 1, 0, 2
"c:\Users\26327\Desktop\毕业设计\通讯软件\IM-master\itstack-naive-chat-server\itstack-naive-chat-server-ddd\src\main\webapp\res\lib\layui-v2.5.4\css\modules\code.css", "CSS", 0, 0, 0, 0, 0, 0, 1, 0, 0, 0, 1, 0, 2
"c:\Users\26327\Desktop\毕业设计\通讯软件\IM-master\itstack-naive-chat-server\itstack-naive-chat-server-ddd\src\main\webapp\res\lib\layui-v2.5.4\css\modules\laydate\default\laydate.css", "CSS", 0, 0, 0, 0, 0, 0, 1, 0, 0, 0, 1, 0, 2
"c:\Users\26327\Desktop\毕业设计\通讯软件\IM-master\itstack-naive-chat-server\itstack-naive-chat-server-ddd\src\main\webapp\res\lib\layui-v2.5.4\css\modules\layer\default\layer.css", "CSS", 0, 0, 0, 0, 0, 0, 1, 0, 0, 0, 1, 0, 2
"c:\Users\26327\Desktop\毕业设计\通讯软件\IM-master\itstack-naive-chat-server\itstack-naive-chat-server-ddd\src\main\webapp\res\lib\layui-v2.5.4\font\iconfont.svg", "XML", 172, 0, 0, 0, 0, 0, 0, 0, 0, 0, 3, 311, 486
"c:\Users\26327\Desktop\毕业设计\通讯软件\IM-master\itstack-naive-chat-server\itstack-naive-chat-server-ddd\src\main\webapp\res\lib\layui-v2.5.4\lay\modules\carousel.js", "JavaScript", 0, 0, 0, 0, 1, 0, 0, 0, 0, 0, 1, 0, 2
"c:\Users\26327\Desktop\毕业设计\通讯软件\IM-master\itstack-naive-chat-server\itstack-naive-chat-server-ddd\src\main\webapp\res\lib\layui-v2.5.4\lay\modules\code.js", "JavaScript", 0, 0, 0, 0, 1, 0, 0, 0, 0, 0, 1, 0, 2
"c:\Users\26327\Desktop\毕业设计\通讯软件\IM-master\itstack-naive-chat-server\itstack-naive-chat-server-ddd\src\main\webapp\res\lib\layui-v2.5.4\lay\modules\colorpicker.js", "JavaScript", 0, 0, 0, 0, 1, 0, 0, 0, 0, 0, 1, 0, 2
"c:\Users\26327\Desktop\毕业设计\通讯软件\IM-master\itstack-naive-chat-server\itstack-naive-chat-server-ddd\src\main\webapp\res\lib\layui-v2.5.4\lay\modules\element.js", "JavaScript", 0, 0, 0, 0, 1, 0, 0, 0, 0, 0, 1, 0, 2
"c:\Users\26327\Desktop\毕业设计\通讯软件\IM-master\itstack-naive-chat-server\itstack-naive-chat-server-ddd\src\main\webapp\res\lib\layui-v2.5.4\lay\modules\flow.js", "JavaScript", 0, 0, 0, 0, 1, 0, 0, 0, 0, 0, 1, 0, 2
"c:\Users\26327\Desktop\毕业设计\通讯软件\IM-master\itstack-naive-chat-server\itstack-naive-chat-server-ddd\src\main\webapp\res\lib\layui-v2.5.4\lay\modules\form.js", "JavaScript", 0, 0, 0, 0, 1, 0, 0, 0, 0, 0, 1, 0, 2
"c:\Users\26327\Desktop\毕业设计\通讯软件\IM-master\itstack-naive-chat-server\itstack-naive-chat-server-ddd\src\main\webapp\res\lib\layui-v2.5.4\lay\modules\jquery.js", "JavaScript", 0, 0, 0, 0, 4, 0, 0, 0, 0, 0, 1, 0, 5
"c:\Users\26327\Desktop\毕业设计\通讯软件\IM-master\itstack-naive-chat-server\itstack-naive-chat-server-ddd\src\main\webapp\res\lib\layui-v2.5.4\lay\modules\laydate.js", "JavaScript", 0, 0, 0, 0, 1, 0, 0, 0, 0, 0, 1, 0, 2
"c:\Users\26327\Desktop\毕业设计\通讯软件\IM-master\itstack-naive-chat-server\itstack-naive-chat-server-ddd\src\main\webapp\res\lib\layui-v2.5.4\lay\modules\layedit.js", "JavaScript", 0, 0, 0, 0, 1, 0, 0, 0, 0, 0, 1, 0, 2
"c:\Users\26327\Desktop\毕业设计\通讯软件\IM-master\itstack-naive-chat-server\itstack-naive-chat-server-ddd\src\main\webapp\res\lib\layui-v2.5.4\lay\modules\layer.js", "JavaScript", 0, 0, 0, 0, 1, 0, 0, 0, 0, 0, 1, 0, 2
"c:\Users\26327\Desktop\毕业设计\通讯软件\IM-master\itstack-naive-chat-server\itstack-naive-chat-server-ddd\src\main\webapp\res\lib\layui-v2.5.4\lay\modules\laypage.js", "JavaScript", 0, 0, 0, 0, 1, 0, 0, 0, 0, 0, 1, 0, 2
"c:\Users\26327\Desktop\毕业设计\通讯软件\IM-master\itstack-naive-chat-server\itstack-naive-chat-server-ddd\src\main\webapp\res\lib\layui-v2.5.4\lay\modules\laytpl.js", "JavaScript", 0, 0, 0, 0, 1, 0, 0, 0, 0, 0, 1, 0, 2
"c:\Users\26327\Desktop\毕业设计\通讯软件\IM-master\itstack-naive-chat-server\itstack-naive-chat-server-ddd\src\main\webapp\res\lib\layui-v2.5.4\lay\modules\mobile.js", "JavaScript", 0, 0, 0, 0, 1, 0, 0, 0, 0, 0, 1, 0, 2
"c:\Users\26327\Desktop\毕业设计\通讯软件\IM-master\itstack-naive-chat-server\itstack-naive-chat-server-ddd\src\main\webapp\res\lib\layui-v2.5.4\lay\modules\rate.js", "JavaScript", 0, 0, 0, 0, 1, 0, 0, 0, 0, 0, 1, 0, 2
"c:\Users\26327\Desktop\毕业设计\通讯软件\IM-master\itstack-naive-chat-server\itstack-naive-chat-server-ddd\src\main\webapp\res\lib\layui-v2.5.4\lay\modules\slider.js", "JavaScript", 0, 0, 0, 0, 1, 0, 0, 0, 0, 0, 1, 0, 2
"c:\Users\26327\Desktop\毕业设计\通讯软件\IM-master\itstack-naive-chat-server\itstack-naive-chat-server-ddd\src\main\webapp\res\lib\layui-v2.5.4\lay\modules\table.js", "JavaScript", 0, 0, 0, 0, 1, 0, 0, 0, 0, 0, 1, 0, 2
"c:\Users\26327\Desktop\毕业设计\通讯软件\IM-master\itstack-naive-chat-server\itstack-naive-chat-server-ddd\src\main\webapp\res\lib\layui-v2.5.4\lay\modules\transfer.js", "JavaScript", 0, 0, 0, 0, 1, 0, 0, 0, 0, 0, 1, 0, 2
"c:\Users\26327\Desktop\毕业设计\通讯软件\IM-master\itstack-naive-chat-server\itstack-naive-chat-server-ddd\src\main\webapp\res\lib\layui-v2.5.4\lay\modules\tree.js", "JavaScript", 0, 0, 0, 0, 1, 0, 0, 0, 0, 0, 1, 0, 2
"c:\Users\26327\Desktop\毕业设计\通讯软件\IM-master\itstack-naive-chat-server\itstack-naive-chat-server-ddd\src\main\webapp\res\lib\layui-v2.5.4\lay\modules\upload.js", "JavaScript", 0, 0, 0, 0, 1, 0, 0, 0, 0, 0, 1, 0, 2
"c:\Users\26327\Desktop\毕业设计\通讯软件\IM-master\itstack-naive-chat-server\itstack-naive-chat-server-ddd\src\main\webapp\res\lib\layui-v2.5.4\lay\modules\util.js", "JavaScript", 0, 0, 0, 0, 1, 0, 0, 0, 0, 0, 1, 0, 2
"c:\Users\26327\Desktop\毕业设计\通讯软件\IM-master\itstack-naive-chat-server\itstack-naive-chat-server-ddd\src\main\webapp\res\lib\layui-v2.5.4\layui.all.js", "JavaScript", 0, 0, 0, 0, 4, 0, 0, 0, 0, 0, 1, 0, 5
"c:\Users\26327\Desktop\毕业设计\通讯软件\IM-master\itstack-naive-chat-server\itstack-naive-chat-server-ddd\src\main\webapp\res\lib\layui-v2.5.4\layui.js", "JavaScript", 0, 0, 0, 0, 1, 0, 0, 0, 0, 0, 1, 0, 2
"c:\Users\26327\Desktop\毕业设计\通讯软件\IM-master\itstack-naive-chat-server\itstack-naive-chat-server-ddd\src\main\webapp\res\lib\vue\index.js", "JavaScript", 0, 0, 0, 0, 9336, 0, 0, 0, 0, 0, 1481, 1148, 11965
"c:\Users\26327\Desktop\毕业设计\通讯软件\IM-master\itstack-naive-chat-server\itstack-naive-chat-server-ddd\src\main\webapp\res\page\404.html", "HTML", 0, 109, 0, 0, 0, 0, 0, 0, 0, 0, 0, 1, 110
"c:\Users\26327\Desktop\毕业设计\通讯软件\IM-master\itstack-naive-chat-server\itstack-naive-chat-server-ddd\src\main\webapp\res\page\button.html", "HTML", 0, 133, 0, 0, 0, 0, 0, 0, 0, 0, 1, 14, 148
"c:\Users\26327\Desktop\毕业设计\通讯软件\IM-master\itstack-naive-chat-server\itstack-naive-chat-server-ddd\src\main\webapp\res\page\color-select.html", "HTML", 0, 54, 0, 0, 0, 0, 0, 0, 0, 0, 0, 3, 57
"c:\Users\26327\Desktop\毕业设计\通讯软件\IM-master\itstack-naive-chat-server\itstack-naive-chat-server-ddd\src\main\webapp\res\page\editor.html", "HTML", 0, 93, 0, 0, 0, 0, 0, 0, 0, 0, 1, 7, 101
"c:\Users\26327\Desktop\毕业设计\通讯软件\IM-master\itstack-naive-chat-server\itstack-naive-chat-server-ddd\src\main\webapp\res\page\form-step.html", "HTML", 0, 187, 0, 0, 0, 0, 0, 0, 0, 0, 0, 9, 196
"c:\Users\26327\Desktop\毕业设计\通讯软件\IM-master\itstack-naive-chat-server\itstack-naive-chat-server-ddd\src\main\webapp\res\page\form.html", "HTML", 0, 468, 0, 0, 0, 0, 0, 0, 0, 0, 8, 36, 512
"c:\Users\26327\Desktop\毕业设计\通讯软件\IM-master\itstack-naive-chat-server\itstack-naive-chat-server-ddd\src\main\webapp\res\page\icon-picker.html", "HTML", 0, 110, 0, 0, 0, 0, 0, 0, 0, 0, 0, 9, 119
"c:\Users\26327\Desktop\毕业设计\通讯软件\IM-master\itstack-naive-chat-server\itstack-naive-chat-server-ddd\src\main\webapp\res\page\icon.html", "HTML", 0, 762, 0, 0, 0, 0, 0, 0, 0, 0, 0, 16, 778
"c:\Users\26327\Desktop\毕业设计\通讯软件\IM-master\itstack-naive-chat-server\itstack-naive-chat-server-ddd\src\main\webapp\res\page\layer.html", "HTML", 0, 132, 0, 0, 0, 0, 0, 0, 0, 0, 2, 10, 144
"c:\Users\26327\Desktop\毕业设计\通讯软件\IM-master\itstack-naive-chat-server\itstack-naive-chat-server-ddd\src\main\webapp\res\page\login-1.html", "HTML", 0, 102, 0, 0, 0, 0, 0, 0, 0, 0, 4, 3, 109
"c:\Users\26327\Desktop\毕业设计\通讯软件\IM-master\itstack-naive-chat-server\itstack-naive-chat-server-ddd\src\main\webapp\res\page\login-2.html", "HTML", 0, 87, 0, 0, 0, 0, 0, 0, 0, 0, 4, 2, 93
"c:\Users\26327\Desktop\毕业设计\通讯软件\IM-master\itstack-naive-chat-server\itstack-naive-chat-server-ddd\src\main\webapp\res\page\menu.html", "HTML", 0, 92, 0, 0, 0, 0, 0, 0, 0, 0, 1, 6, 99
"c:\Users\26327\Desktop\毕业设计\通讯软件\IM-master\itstack-naive-chat-server\itstack-naive-chat-server-ddd\src\main\webapp\res\page\official-evaluation.html", "HTML", 0, 20, 0, 0, 0, 0, 0, 0, 0, 0, 0, 2, 22
"c:\Users\26327\Desktop\毕业设计\通讯软件\IM-master\itstack-naive-chat-server\itstack-naive-chat-server-ddd\src\main\webapp\res\page\setting.html", "HTML", 0, 101, 0, 0, 0, 0, 0, 0, 0, 0, 0, 5, 106
"c:\Users\26327\Desktop\毕业设计\通讯软件\IM-master\itstack-naive-chat-server\itstack-naive-chat-server-ddd\src\main\webapp\res\page\table-select.html", "HTML", 0, 165, 0, 0, 0, 0, 0, 0, 0, 0, 0, 17, 182
"c:\Users\26327\Desktop\毕业设计\通讯软件\IM-master\itstack-naive-chat-server\itstack-naive-chat-server-ddd\src\main\webapp\res\page\upload.html", "HTML", 0, 108, 0, 0, 0, 0, 0, 0, 0, 0, 0, 2, 110
"c:\Users\26327\Desktop\毕业设计\通讯软件\IM-master\itstack-naive-chat-server\itstack-naive-chat-server-ddd\src\main\webapp\res\page\user-password.html", "HTML", 0, 61, 0, 0, 0, 0, 0, 0, 0, 0, 0, 5, 66
"c:\Users\26327\Desktop\毕业设计\通讯软件\IM-master\itstack-naive-chat-server\itstack-naive-chat-server-ddd\src\main\webapp\res\page\user-setting.html", "HTML", 0, 67, 0, 0, 0, 0, 0, 0, 0, 0, 0, 4, 71
"c:\Users\26327\Desktop\毕业设计\通讯软件\IM-master\itstack-naive-chat-server\itstack-naive-chat-server-ddd\src\main\webapp\res\page\welcome-1.html", "HTML", 0, 445, 0, 0, 0, 0, 0, 0, 0, 0, 0, 11, 456
"c:\Users\26327\Desktop\毕业设计\通讯软件\IM-master\itstack-naive-chat-server\itstack-naive-chat-server-ddd\src\main\webapp\res\page\welcome.html", "HTML", 0, 187, 0, 0, 0, 0, 0, 0, 0, 0, 0, 9, 196
"c:\Users\26327\Desktop\毕业设计\通讯软件\IM-master\itstack-naive-chat-server\itstack-naive-chat-server-ddd\src\main\webapp\res_layui.html", "HTML", 0, 30, 0, 0, 0, 0, 0, 0, 0, 0, 0, 3, 33
"c:\Users\26327\Desktop\毕业设计\通讯软件\IM-master\itstack-naive-chat-server\itstack-naive-chat-server-ddd\src\test\java\org\itstack\naive\chat\test\ApiTest.java", "Java", 0, 0, 0, 51, 0, 0, 0, 0, 0, 0, 5, 13, 69
"c:\Users\26327\Desktop\毕业设计\通讯软件\IM-master\itstack-naive-chat-server\pom.xml", "XML", 66, 0, 0, 0, 0, 0, 0, 0, 0, 0, 1, 8, 75
"Total", "-", 3255, 3699, 39, 2764, 15068, 1758, 2970, 1758, 461, 18, 3628, 3676, 39094